,record_name,atom_number,blank_1,atom_name,alt_loc,residue_name,blank_2,chain_id,residue_number,insertion,blank_3,x_coord,y_coord,z_coord,occupancy,b_factor,blank_4,segment_id,element_symbol,charge,line_idx
0,HETATM,1,,C,,LIG,,,1,,,-11.169,15.546,67.316,1.0,0.0,,,C,,11
1,HETATM,2,,C,,LIG,,,1,,,-10.771,16.657,67.969,1.0,0.0,,,C,,12
2,HETATM,3,,O,,LIG,,,1,,,-10.994,16.861,69.32,1.0,0.0,,,O,,13
3,HETATM,4,,C,,LIG,,,1,,,-11.648,15.898,70.079,1.0,0.0,,,C,,14
4,HETATM,5,,C,,LIG,,,1,,,-12.019,14.714,69.55,1.0,0.0,,,C,,15
5,HETATM,6,,C,,LIG,,,1,,,-11.815,14.404,68.081,1.0,0.0,,,C,,16
6,HETATM,7,,C,,LIG,,,1,,,-12.739,13.678,70.383,1.0,0.0,,,C,,17
7,HETATM,8,,O,,LIG,,,1,,,-11.896,12.554,70.55,1.0,0.0,,,O,,18
8,HETATM,9,,C,,LIG,,,1,,,-12.418,11.512,71.263,1.0,0.0,,,C,,19
9,HETATM,10,,O,,LIG,,,1,,,-11.922,10.399,71.236,1.0,0.0,,,O,,20
10,HETATM,11,,O,,LIG,,,1,,,-13.53,11.8,71.985,1.0,0.0,,,O,,21
11,HETATM,12,,C,,LIG,,,1,,,-13.75,13.102,72.515,1.0,0.0,,,C,,22
12,HETATM,13,,C,,LIG,,,1,,,-13.022,14.16,71.765,1.0,0.0,,,C,,23
13,HETATM,14,,C,,LIG,,,1,,,-12.644,15.381,72.225,1.0,0.0,,,C,,24
14,HETATM,15,,O,,LIG,,,1,,,-11.9,16.212,71.398,1.0,0.0,,,O,,25
15,HETATM,16,,F,,LIG,,,1,,,-11.62,17.522,71.805,1.0,0.0,,,F,,26
16,HETATM,17,,O,,LIG,,,1,,,-15.115,13.432,72.371,1.0,0.0,,,O,,27
17,HETATM,18,,C,,LIG,,,1,,,-10.019,17.769,67.347,1.0,0.0,,,C,,28
18,HETATM,19,,C,,LIG,,,1,,,-10.638,18.484,66.332,1.0,0.0,,,C,,29
19,HETATM,20,,N,,LIG,,,1,,,-10.018,19.453,65.645,1.0,0.0,,,N,,30
20,HETATM,21,,N,,LIG,,,1,,,-8.72,19.762,65.945,1.0,0.0,,,N,,31
21,HETATM,22,,C,,LIG,,,1,,,-8.047,19.123,66.916,1.0,0.0,,,C,,32
22,HETATM,23,,C,,LIG,,,1,,,-8.678,18.099,67.661,1.0,0.0,,,C,,33
23,HETATM,24,,C,,LIG,,,1,,,-6.706,19.436,67.199,1.0,0.0,,,C,,34
24,HETATM,25,,C,,LIG,,,1,,,-7.933,17.432,68.659,1.0,0.0,,,C,,35
25,HETATM,26,,C,,LIG,,,1,,,-6.599,17.773,68.913,1.0,0.0,,,C,,36
26,HETATM,27,,C,,LIG,,,1,,,-5.827,17.012,69.898,1.0,0.0,,,C,,37
27,HETATM,28,,C,,LIG,,,1,,,-5.983,18.791,68.203,1.0,0.0,,,C,,38
28,HETATM,29,,O,,LIG,,,1,,,-6.327,16.089,70.521,1.0,0.0,,,O,,39
29,HETATM,30,,C,,LIG,,,1,,,-4.376,17.41,70.044,1.0,0.0,,,C,,40
30,HETATM,31,,O,,LIG,,,1,,,-3.529,16.589,70.358,1.0,0.0,,,O,,41
31,HETATM,32,,C,,LIG,,,1,,,-4.106,18.853,69.675,1.0,0.0,,,C,,42
32,HETATM,33,,O,,LIG,,,1,,,-4.689,19.195,68.398,1.0,0.0,,,O,,43
33,HETATM,34,,O,,LIG,,,1,,,-6.072,20.405,66.453,1.0,0.0,,,O,,44
34,HETATM,35,,C,,LIG,,,1,,,-4.496,19.87,70.716,1.0,0.0,,,C,,45
35,HETATM,36,,O,,LIG,,,1,,,-5.553,20.779,70.345,1.0,0.0,,,O,,46
36,HETATM,37,,O,,LIG,,,1,,,-4.574,19.407,72.061,1.0,0.0,,,O,,47
37,HETATM,38,,C,,LIG,,,1,,,-3.586,20.29,71.782,1.0,0.0,,,C,,48
38,HETATM,39,,O,,LIG,,,1,,,-2.392,20.162,71.908,1.0,0.0,,,O,,49
39,HETATM,40,,O,,LIG,,,1,,,-10.917,15.429,65.959,1.0,0.0,,,O,,50
40,HETATM,41,,C,,LIG,,,1,,,-9.794,14.664,65.472,1.0,0.0,,,C,,51
41,HETATM,42,,O,,LIG,,,1,,,-8.761,14.521,66.435,1.0,0.0,,,O,,52
42,HETATM,43,,C,,LIG,,,1,,,-8.428,13.28,66.93,1.0,0.0,,,C,,53
43,HETATM,44,,C,,LIG,,,1,,,-7.21,13.061,67.439,1.0,0.0,,,C,,54
44,HETATM,45,,C,,LIG,,,1,,,-9.378,12.136,66.929,1.0,0.0,,,C,,55
45,HETATM,46,,O,,LIG,,,1,,,-6.231,14.024,67.466,1.0,0.0,,,O,,56
46,HETATM,47,,C,,LIG,,,1,,,-10.549,12.335,66.005,1.0,0.0,,,C,,57
47,HETATM,48,,O,,LIG,,,1,,,-9.242,11.114,67.58,1.0,0.0,,,O,,58
48,HETATM,49,,C,,LIG,,,1,,,-10.408,13.38,64.941,1.0,0.0,,,C,,59
49,HETATM,50,,O,,LIG,,,1,,,-11.586,11.708,66.145,1.0,0.0,,,O,,60
50,HETATM,51,,O,,LIG,,,1,,,-10.749,13.17,63.788,1.0,0.0,,,O,,61
51,HETATM,52,,C,,LIG,,,1,,,-12.981,15.905,73.577,1.0,0.0,,,C,,62
52,HETATM,53,,O,,LIG,,,1,,,-12.308,15.447,74.758,1.0,0.0,,,O,,63
53,HETATM,54,,O,,LIG,,,1,,,-12.09,16.789,74.277,1.0,0.0,,,O,,64
